{"cameraMode":{"drawMode":0,"name":"Shaded","section":"Shading Mode"},"sceneLighting":true,"audioPlay":false,"sceneViewState":{"m_AlwaysRefresh":false,"showFog":true,"showSkybox":true,"showFlares":true,"showImageEffects":true,"showParticleSystems":true,"showVisualEffectGraphs":true,"m_FxEnabled":true},"in2DMode":false,"pivot":{"x":-0.05600789561867714,"y":1.7908366918563843,"z":-0.525391161441803},"rotation":{"x":-0.04242585226893425,"y":-0.8545158505439758,"z":0.07064824551343918,"w":-0.5128887295722961},"size":1.2194764614105225,"orthographic":true}