{"cameraMode":{"drawMode":0,"name":"Shaded","section":"Shading Mode"},"sceneLighting":true,"audioPlay":false,"sceneViewState":{"m_AlwaysRefresh":false,"showFog":true,"showSkybox":true,"showFlares":true,"showImageEffects":true,"showParticleSystems":true,"showVisualEffectGraphs":true,"m_FxEnabled":true},"in2DMode":false,"pivot":{"x":-0.5215824246406555,"y":1.4983787536621094,"z":-0.03018447756767273},"rotation":{"x":0.08343211561441422,"y":0.6423803567886353,"z":-0.07058624923229218,"w":0.7585993409156799},"size":1.3638226985931397,"orthographic":true}